tenant_id,provider_type,idle_timeout_min,session_max_h,mfa_required,mfa_required_for_roles,mfa_allowed_methods,password_complexity,metadata_url,entity_id,x509_cert,provider_label,scim_token_hash,scim_token_last_four,jit_provisioning,enforce_for_non_admins,password_expiry_days,created_at,updated_at,scim_group_role_map
53593c55-c616-4faa-a65a-145d3eb44d36,password,60,8,t,"{org.access.admin,org.schema.admin}",{totp},strong,,,,,,,f,f,0,2026-07-16 08:41:41.374463+00,2026-07-16 08:41:41.374463+00,{}
07300000-0000-4000-8000-000000000000,password,60,8,t,"{org.access.admin,org.schema.admin}",{totp},strong,,,,,,,f,f,0,2026-07-16 08:45:39.839004+00,2026-07-16 08:45:39.839004+00,{}
17200000-0000-4000-8000-000000000000,password,60,8,t,"{org.access.admin,org.schema.admin}",{totp},strong,,,,,,,f,f,0,2026-07-16 08:45:42.167049+00,2026-07-16 08:45:42.167049+00,{}
18800000-0000-4000-8000-000000000001,password,60,8,t,"{org.access.admin,org.schema.admin}",{totp},strong,,,,,,,f,f,0,2026-07-16 08:45:50.314514+00,2026-07-16 08:45:50.314514+00,{}
214df257-2bb7-4198-9e71-81ebb2570f22,password,60,8,t,"{org.access.admin,org.schema.admin}",{totp},strong,,,,,,,f,f,0,2026-07-16 08:45:52.298455+00,2026-07-16 08:45:52.298455+00,{}
f2a0de10-02d4-4db3-92a0-4171eb3f20e8,password,60,8,t,"{org.access.admin,org.schema.admin}",{totp},strong,,,,,,,f,f,0,2026-07-16 08:45:54.394434+00,2026-07-16 08:45:54.394434+00,{}
bd773726-a504-4c47-8316-07ab849ed668,password,60,8,t,"{org.access.admin,org.schema.admin}",{totp},strong,,,,,,,f,f,0,2026-07-16 08:45:54.395341+00,2026-07-16 08:45:54.395341+00,{}
220756f5-cdb1-4dac-af9a-8e77da5b0130,password,60,8,t,"{org.access.admin,org.schema.admin}",{totp},strong,,,,,,,f,f,0,2026-07-16 08:45:55.602451+00,2026-07-16 08:45:55.602451+00,{}
78ab54d1-3f3b-4ab8-9efe-ece47cdb7810,password,60,8,t,"{org.access.admin,org.schema.admin}",{totp},strong,,,,,,,f,f,0,2026-07-16 08:45:55.682405+00,2026-07-16 08:45:55.682405+00,{}
7d984dd3-4c3f-4a48-92a2-82979c6a58f7,password,60,8,t,"{org.access.admin,org.schema.admin}",{totp},strong,,,,,,,f,f,0,2026-07-16 08:46:07.038602+00,2026-07-16 08:46:07.038602+00,{}
aaaaaaaa-aaaa-4aaa-8aaa-aaaaaaaaaaaa,password,60,8,t,"{org.access.admin,org.schema.admin}",{totp},strong,,,,,,,f,f,0,2026-07-16 08:45:52.286379+00,2026-07-16 08:46:08.378606+00,{}
bbbbbbbb-bbbb-4bbb-8bbb-bbbbbbbbbbbb,password,60,8,t,"{org.access.admin,org.schema.admin}",{totp},strong,,,,,,,f,f,0,2026-07-16 08:45:52.286379+00,2026-07-16 08:46:08.378606+00,{}
bfd9eb9c-c72d-4a3b-ad0b-80606832eaaf,password,60,8,t,"{org.access.admin,org.schema.admin}",{totp},strong,,,,,,,f,f,0,2026-07-16 08:46:09.315499+00,2026-07-16 08:46:09.315499+00,{}
598af52f-b954-462a-8b40-9c08697a989a,password,60,8,t,"{org.access.admin,org.schema.admin}",{totp},strong,,,,,,,f,f,0,2026-07-16 08:45:52.933672+00,2026-07-16 08:45:52.933672+00,{}
b14dbbf7-2b09-4e7f-a737-009f54e6fd72,password,60,8,t,"{org.access.admin,org.schema.admin}",{totp},strong,,,,,,,f,f,0,2026-07-16 08:46:10.907524+00,2026-07-16 08:46:10.907524+00,{}
a94e1d11-1250-48f2-ac59-3bd1f327c71d,password,60,8,t,"{org.access.admin,org.schema.admin}",{totp},strong,,,,,,,f,f,0,2026-07-16 08:46:14.506722+00,2026-07-16 08:46:14.506722+00,{}
652e3a38-65cf-4dae-a32d-c2adce0d32d0,password,60,8,t,"{org.access.admin,org.schema.admin}",{totp},strong,,,,,,,f,f,0,2026-07-16 08:46:14.506653+00,2026-07-16 08:46:14.506653+00,{}
76624b49-4382-45c9-b416-3ae7357de093,password,60,8,t,"{org.access.admin,org.schema.admin}",{totp},strong,,,,,,,f,f,0,2026-07-16 08:46:17.102627+00,2026-07-16 08:46:17.102627+00,{}
65dded98-fd22-4bf6-867d-54f022651385,password,60,8,t,"{org.access.admin,org.schema.admin}",{totp},strong,,,,,,,f,f,0,2026-07-16 08:47:14.800484+00,2026-07-16 08:47:14.800484+00,{}
8be438f4-0b86-4c2e-bc75-b6803ee580e5,password,60,8,t,"{org.access.admin,org.schema.admin}",{totp},strong,,,,,,,f,f,0,2026-07-16 08:46:48.862537+00,2026-07-16 08:46:48.862537+00,{}
15921990-d0d2-4e03-ad21-3fbcad418b3e,password,60,8,t,"{org.access.admin,org.schema.admin}",{totp},strong,,,,,,,f,f,0,2026-07-16 08:46:48.862438+00,2026-07-16 08:46:48.862438+00,{}
59696bfb-8cc1-45a7-8533-c67da35161c9,password,60,8,t,"{org.access.admin,org.schema.admin}",{totp},strong,,,,,,,f,f,0,2026-07-16 08:46:51.302668+00,2026-07-16 08:46:51.302668+00,{}
3692aaca-ca09-4d14-8a83-99ed4bebfb6d,password,60,8,t,"{org.access.admin,org.schema.admin}",{totp},strong,,,,,,,f,f,0,2026-07-16 08:46:49.298561+00,2026-07-16 08:46:49.298561+00,{}
06400000-0000-4000-8000-000000000000,password,60,8,t,"{org.access.admin,org.schema.admin}",{totp},strong,,,,,,,f,f,0,2026-07-16 08:47:00.150678+00,2026-07-16 08:47:00.150678+00,{}
da99cde9-df4a-4400-94f1-1e440e8134f9,password,60,8,t,"{org.access.admin,org.schema.admin}",{totp},strong,,,,,,,f,f,0,2026-07-16 08:47:04.087434+00,2026-07-16 08:47:04.087434+00,{}
efffe07d-48ca-4bf1-8383-4edcca7e5e78,password,60,8,t,"{org.access.admin,org.schema.admin}",{totp},strong,,,,,,,f,f,0,2026-07-16 08:46:59.519727+00,2026-07-16 08:46:59.519727+00,{}
81603a36-96a1-4e98-819a-704c6ebaca6c,password,60,8,t,"{org.access.admin,org.schema.admin}",{totp},strong,,,,,,,f,f,0,2026-07-16 08:47:20.800816+00,2026-07-16 08:47:20.800816+00,{}
76baddc7-28f9-4597-9d9a-6c7ad0933a14,password,60,8,t,"{org.access.admin,org.schema.admin}",{totp},strong,,,,,,,f,f,0,2026-07-16 08:47:26.587051+00,2026-07-16 08:47:26.587051+00,{}
f704f307-1c7e-46f2-88ca-c178ebb77509,password,60,8,t,"{org.access.admin,org.schema.admin}",{totp},strong,,,,,,,f,f,0,2026-07-16 08:47:33.45587+00,2026-07-16 08:47:33.45587+00,{}
ef96edc6-3e51-4eb9-9def-4b93eae5832b,password,60,8,t,"{org.access.admin,org.schema.admin}",{totp},strong,,,,,,,f,f,0,2026-07-16 08:47:28.243198+00,2026-07-16 08:47:28.243198+00,{}
5895c6c7-5941-4915-9480-58239de1419a,password,60,8,t,"{org.access.admin,org.schema.admin}",{totp},strong,,,,,,,f,f,0,2026-07-16 08:47:30.37609+00,2026-07-16 08:47:30.37609+00,{}
293a9e53-411d-4f7f-bc8d-cbaea3f578a4,password,60,8,t,"{org.access.admin,org.schema.admin}",{totp},strong,,,,,,,f,f,0,2026-07-16 08:47:30.39994+00,2026-07-16 08:47:30.39994+00,{}
3b07678c-c9b2-4fbb-b120-07dc440e03bc,password,60,8,t,"{org.access.admin,org.schema.admin}",{totp},strong,,,,,,,f,f,0,2026-07-16 08:48:00.319628+00,2026-07-16 08:48:00.319628+00,{}
8b82e377-5fc4-49ec-8f67-3a894fd24c10,password,60,8,t,"{org.access.admin,org.schema.admin}",{totp},strong,,,,,,,f,f,0,2026-07-16 08:47:54.524189+00,2026-07-16 08:47:54.524189+00,{}
3de45c9b-d87a-422c-8d2c-3dd244283673,password,60,8,t,"{org.access.admin,org.schema.admin}",{totp},strong,,,,,,,f,f,0,2026-07-16 08:47:46.844112+00,2026-07-16 08:47:46.844112+00,{}
f2dd97a9-49cb-4a2f-9f85-3556d416992a,password,60,8,t,"{org.access.admin,org.schema.admin}",{totp},strong,,,,,,,f,f,0,2026-07-16 08:48:16.572724+00,2026-07-16 08:48:16.572724+00,{}
d0594c0f-6bef-4dfe-9956-e8ea7adc2129,password,60,8,t,"{org.access.admin,org.schema.admin}",{totp},strong,,,,,,,f,f,0,2026-07-16 08:48:13.207168+00,2026-07-16 08:48:13.207168+00,{}
4ad31af9-b582-4fe8-94ca-4a9fe201c442,password,60,8,t,"{org.access.admin,org.schema.admin}",{totp},strong,,,,,,,f,f,0,2026-07-16 08:48:16.14063+00,2026-07-16 08:48:16.14063+00,{}
11a5881f-9513-48d8-9db4-0468b8513892,password,60,8,t,"{org.access.admin,org.schema.admin}",{totp},strong,,,,,,,f,f,0,2026-07-16 08:48:06.764482+00,2026-07-16 08:48:06.764482+00,{}
50feb05f-9ca6-46b6-b598-8bc4bc12f1f4,password,60,8,t,"{org.access.admin,org.schema.admin}",{totp},strong,,,,,,,f,f,0,2026-07-16 08:48:22.345693+00,2026-07-16 08:48:22.345693+00,{}
aedb38f4-f172-432c-97a3-e7590662bb71,password,60,8,t,"{org.access.admin,org.schema.admin}",{totp},strong,,,,,,,f,f,0,2026-07-16 08:48:20.965419+00,2026-07-16 08:48:20.965419+00,{}
6a085870-bd35-4431-813b-6effadc17410,password,60,8,t,"{org.access.admin,org.schema.admin}",{totp},strong,,,,,,,f,f,0,2026-07-16 08:48:26.888712+00,2026-07-16 08:48:26.888712+00,{}
49600000-0000-4000-8000-000000000001,password,60,8,t,"{org.access.admin,org.schema.admin}",{totp},strong,,,,,,,f,f,0,2026-07-16 09:33:09.345775+00,2026-07-16 09:33:09.345775+00,{}
16300000-0000-4000-8000-000000000001,password,60,8,t,"{org.access.admin,org.schema.admin}",{totp},strong,,,,,,,f,f,0,2026-07-16 09:40:08.980126+00,2026-07-16 09:40:08.980126+00,{}
